Name, Time(s), Memory(MB)
mathworks-6, 0.107022, 9.828125
stackoverflow-19, 0.004616, skipped
mathworks-12, 0.044148, 7.03125
stackoverflow-6, 0.00314, skipped
stackoverflow-25, 0.017794, 5.7421875
mathworks-14, 0.020707, 6.17578125
stackoverflow-14, 3.003681, 71.875
mathworks-1, 0.16825, 11.38671875
mathworks-10, 0.259895, 14.4921875
stackoverflow-23, 4.889939, 147.0703125
stackoverflow-15, 0.001034, skipped
mathworks-2, 0.004204, skipped
stackoverflow-4, 0.986207, 31.08203125
mathworks-13, 1.186016, 87.95703125
stackoverflow-7, 0.148358, 10.8671875
stackoverflow-8, 0.068934, 8.07421875
mathworks-9, 0.02743, 6.05078125
stackoverflow-2, 0.394421, 21.1328125
stackoverflow-1, 0.00019, skipped
stackoverflow-5, 0.05357, 7.48046875
stackoverflow-21, 0.005356, skipped
stackoverflow-9, 0.467923, 19.4296875
stackoverflow-3, 0.097767, 10.140625
mathworks-11, 1.24803, 70.11328125
mathworks-8, 0.000198, skipped
stackoverflow-24, 0.043647, 7.06640625
stackoverflow-17, 0.47644, 20.39453125
mathworks-4, 0.102662, 9.28125
stackoverflow-10, 0.000268, skipped
mathworks-7, 0.000344, skipped
stackoverflow-22, 0.00015, skipped
mathworks-5, 0.000445, skipped
stackoverflow-12, 0.005705, skipped
mathworks-3, 0.003912, skipped
stackoverflow-16, 0.101197, 8.57421875
stackoverflow-11, 0.001076, skipped
stackoverflow-18, 0.003971, skipped
stackoverflow-13, 0.034784, 6.74609375
stackoverflow-20, 0.012195, 5.265625
